Store ID ;Store_Area;Items_Available;Daily_Customer_Count;Store_Sales
1;1659;1961;530; $66.490,00 
2;1461;1752;210; $39.820,00 
3;1340;1609;720; $54.010,00 
4;1451;1748;620; $53.730,00 
5;1770;2111;450; $46.620,00 
6;1442;1733;760; $45.260,00 
7;1542;1858;1030; $72.240,00 
8;1261;1507;1020; $37.720,00 
9;1090;1321;680; $46.310,00 
10;1030;1235;1130; $44.150,00 
11;1187;1439;1090; $71.280,00 
12;1751;2098;720; $57.620,00 
13;1746;2064;1050; $60.470,00 
14;1615;1931;1160; $59.130,00 
15;1469;1756;770; $66.360,00 
16;1644;1950;790; $78.870,00 
17;1578;1907;1440; $77.250,00 
18;1703;2045;670; $38.170,00 
19;1438;1731;1030; $63.540,00 
20;1940;2340;980; $40.190,00 
21;1421;1700;370; $43.460,00 
22;1458;1746;690; $68.890,00 
23;1719;2065;950; $52.780,00 
24;1449;1752;620; $50.680,00 
25;1234;1488;840; $41.880,00 
26;1732;2073;820; $70.050,00 
27;1475;1777;1100; $25.820,00 
28;1390;1648;980; $60.530,00 
29;1642;1943;710; $78.100,00 
30;1715;2071;650; $84.860,00 
31;1439;1746;990; $80.140,00 
32;1250;1508;990; $14.920,00 
33;1331;1608;880; $60.460,00 
34;1784;2163;620; $74.560,00 
35;1375;1648;1020; $72.430,00 
36;1871;2230;700; $45.460,00 
37;1442;1744;610; $41.570,00 
38;1174;1411;1080; $62.870,00 
39;1839;2204;1010; $55.170,00 
40;1270;1516;10; $45.480,00 
41;1435;1725;1250; $49.550,00 
42;965;1152;600; $48.140,00 
43;1665;2001;730; $67.640,00 
44;1780;2117;780; $39.730,00 
45;1009;1194;520; $35.800,00 
46;1227;1471;870; $49.270,00 
47;1769;2087;690; $66.510,00 
48;1660;1982;910; $62.530,00 
49;1472;1776;1260; $59.980,00 
50;1408;1688;1040; $76.350,00 
51;1514;1820;910; $81.820,00 
52;1565;1880;1300; $57.830,00 
53;1074;1288;320; $70.450,00 
54;1864;2240;530; $67.000,00 
55;1570;1898;980; $64.090,00 
56;1417;1701;740; $48.670,00 
57;1734;2060;1240; $66.210,00 
58;1470;1763;1080; $83.660,00 
59;1761;2104;1080; $70.770,00 
60;1756;2070;460; $53.870,00 
61;1704;2045;300; $71.300,00 
62;2011;2391;530; $46.100,00 
63;1472;1748;600; $49.100,00 
64;1310;1561;860; $65.920,00 
65;1544;1821;590; $58.660,00 
66;1707;2052;920; $69.130,00 
67;1881;2262;570; $49.080,00 
68;1416;1681;290; $72.710,00 
69;1631;1941;650; $33.430,00 
70;1318;1576;710; $42.430,00 
71;1692;2019;850; $56.650,00 
72;1152;1380;530; $33.580,00 
73;891;1073;630; $67.370,00 
74;1468;1749;700; $71.780,00 
75;1539;1833;650; $84.840,00 
76;1635;1956;720; $82.070,00 
77;1267;1520;450; $26.770,00 
78;1250;1475;1390; $65.560,00 
79;1720;2044;960; $38.660,00 
80;1462;1761;600; $65.660,00 
81;1431;1711;620; $40.700,00 
82;1539;1858;1020; $88.910,00 
83;1441;1723;330; $57.860,00 
84;1572;1884;1410; $42.670,00 
85;1287;1525;1200; $90.180,00 
86;1468;1760;280; $51.280,00 
87;1931;2342;940; $97.260,00 
88;1252;1506;850; $39.650,00 
89;1238;1468;960; $45.720,00 
90;1479;1758;420; $42.060,00 
91;1590;1912;830; $65.350,00 
92;2169;2617;600; $67.080,00 
93;1838;2205;400; $54.030,00 
94;1385;1655;760; $56.360,00 
95;1921;2305;1470; $77.120,00 
96;1975;2385;500; $50.810,00 
97;1853;2235;1120; $60.960,00 
98;1816;2171;1160; $61.180,00 
99;1785;2147;820; $63.660,00 
100;1579;1899;1140; $41.190,00 
101;1096;1321;900; $78.420,00 
102;1919;2294;760; $65.580,00 
103;1262;1500;1170; $89.080,00 
104;1374;1655;1080; $94.170,00 
105;1309;1587;1000; $50.950,00 
106;1207;1434;690; $65.180,00 
107;1692;2031;810; $69.310,00 
108;1929;2311;630; $79.210,00 
109;1573;1878;650; $23.740,00 
110;1415;1700;920; $36.330,00 
111;1162;1382;1260; $51.700,00 
112;1485;1787;800; $62.950,00 
113;1897;2248;1330; $56.010,00 
114;1607;1927;940; $45.080,00 
115;1909;2287;1210; $46.830,00 
116;1274;1503;660; $64.750,00 
117;1157;1379;770; $80.780,00 
118;1712;2046;460; $31.180,00 
119;1500;1798;860; $56.710,00 
120;1682;2017;780; $49.390,00 
121;1441;1727;890; $66.000,00 
122;1525;1835;900; $32.770,00 
123;1408;1669;530; $46.580,00 
124;1947;2333;790; $79.780,00 
125;1164;1390;370; $35.510,00 
126;1787;2137;610; $80.970,00 
127;1871;2241;500; $61.150,00 
128;1718;2051;750; $49.210,00 
129;1365;1636;980; $79.950,00 
130;1368;1654;530; $68.740,00 
131;1342;1595;910; $57.480,00 
132;1076;1270;620; $72.630,00 
133;1396;1672;1170; $50.070,00 
134;1713;2071;900; $40.490,00 
135;1370;1638;980; $51.850,00 
136;1667;1993;740; $42.840,00 
137;1638;1972;810; $60.940,00 
138;1581;1905;810; $62.280,00 
139;1795;2187;300; $76.530,00 
140;1179;1412;790; $85.130,00 
141;1978;2374;800; $48.590,00 
142;1688;2042;760; $73.080,00 
143;1214;1456;530; $48.950,00 
144;1504;1805;540; $48.560,00 
145;1498;1770;620; $59.380,00 
146;1462;1762;1010; $51.190,00 
147;1442;1750;130; $58.920,00 
148;1250;1486;730; $50.360,00 
149;1229;1480;830; $38.070,00 
150;1936;2300;1060; $49.170,00 
151;1369;1629;770; $39.740,00 
152;1662;1986;70; $63.730,00 
153;1548;1855;670; $85.330,00 
154;1649;1963;490; $27.410,00 
155;1393;1663;670; $37.320,00 
156;1450;1734;380; $71.120,00 
157;1613;1921;1200; $72.800,00 
158;1408;1696;350; $34.410,00 
159;775;932;1090; $42.530,00 
160;1275;1534;1230; $54.300,00 
161;1740;2078;680; $50.780,00 
162;1372;1657;580; $45.020,00 
163;1414;1723;680; $69.600,00 
164;2044;2474;340; $80.340,00 
165;1823;2176;700; $37.810,00 
166;955;1133;580; $46.140,00 
167;1465;1763;680; $99.570,00 
168;1331;1606;630; $38.650,00 
169;1232;1487;860; $49.800,00 
170;1481;1765;490; $69.910,00 
171;1343;1599;870; $44.910,00 
172;1539;1837;990; $78.470,00 
173;1007;1207;670; $47.460,00 
174;1762;2145;490; $33.460,00 
175;1527;1832;580; $44.090,00 
176;1356;1619;700; $42.620,00 
177;1536;1848;670; $69.450,00 
178;1605;1902;390; $73.120,00 
179;1704;2032;590; $48.300,00 
180;1626;1941;1350; $58.090,00 
181;1612;1939;840; $74.250,00 
182;1174;1396;1100; $40.930,00 
183;1923;2339;950; $70.930,00 
184;1702;2053;950; $64.670,00 
185;1398;1692;650; $77.420,00 
186;1437;1717;230; $32.330,00 
187;1524;1796;1060; $41.080,00 
188;1660;1985;1180; $42.860,00 
189;1302;1569;710; $68.450,00 
190;1666;2000;480; $39.730,00 
191;1391;1649;810; $83.750,00 
192;1778;2148;1140; $69.940,00 
193;1462;1770;1070; $67.710,00 
194;1751;2115;790; $67.360,00 
195;1652;1982;690; $52.460,00 
196;1841;2215;610; $88.760,00 
197;1496;1791;1240; $67.030,00 
198;1504;1827;840; $78.230,00 
199;1524;1808;460; $62.270,00 
200;1148;1371;940; $49.760,00 
201;1468;1744;590; $73.660,00 
202;1310;1558;890; $72.320,00 
203;1321;1579;770; $68.890,00 
204;992;1192;900; $34.180,00 
205;1540;1857;1020; $58.260,00 
206;1807;2149;910; $38.120,00 
207;1526;1853;660; $49.070,00 
208;1406;1677;480; $61.660,00 
209;1703;2055;1080; $37.830,00 
210;1575;1872;690; $52.270,00 
211;1309;1572;510; $52.280,00 
212;1488;1807;1030; $70.810,00 
213;1658;1988;370; $71.530,00 
214;1863;2245;640; $77.260,00 
215;1458;1725;750; $75.550,00 
216;1604;1909;370; $33.730,00 
217;1575;1899;840; $66.270,00 
218;1525;1829;840; $55.820,00 
219;1451;1737;890; $68.430,00 
220;1390;1687;620; $73.990,00 
221;1442;1742;310; $62.800,00 
222;1620;1922;550; $33.740,00 
223;1251;1527;380; $63.830,00 
224;1318;1606;1200; $24.410,00 
225;1647;1962;800; $70.020,00 
226;1829;2175;870; $92.240,00 
227;1852;2227;1220; $68.230,00 
228;1699;2053;1080; $81.870,00 
229;1325;1595;540; $73.860,00 
230;1350;1634;880; $77.120,00 
231;1347;1628;120; $72.350,00 
232;1397;1661;1410; $49.160,00 
233;1245;1499;570; $45.650,00 
234;1366;1649;940; $52.780,00 
235;1378;1658;760; $90.960,00 
236;1767;2110;1200; $64.950,00 
237;1184;1434;670; $47.230,00 
238;1257;1505;950; $83.250,00 
239;1863;2247;480; $51.950,00 
240;1881;2244;920; $66.030,00 
241;1329;1609;1150; $68.590,00 
242;1539;1848;750; $47.140,00 
243;1557;1861;370; $69.940,00 
244;2007;2397;610; $65.890,00 
245;1185;1418;1150; $89.310,00 
246;1657;2003;1070; $58.540,00 
247;1294;1539;790; $78.130,00 
248;1296;1559;1070; $92.300,00 
249;1733;2097;730; $56.170,00 
250;1641;1976;620; $46.050,00 
251;1373;1648;530; $43.390,00 
252;1550;1845;700; $61.750,00 
253;1583;1907;680; $21.830,00 
254;1428;1719;1060; $39.800,00 
255;1604;1925;670; $54.370,00 
256;1439;1735;400; $62.470,00 
257;1648;2003;910; $82.930,00 
258;1025;1231;760; $63.720,00 
259;2001;2394;540; $79.180,00 
260;1145;1370;350; $38.210,00 
261;1174;1426;980; $25.950,00 
262;913;1106;860; $56.610,00 
263;1199;1433;1020; $73.710,00 
264;1875;2254;1120; $70.400,00 
265;1153;1397;1020; $50.440,00 
266;1240;1492;940; $66.840,00 
267;1381;1660;970; $50.170,00 
268;1701;2030;830; $60.140,00 
269;1206;1456;920; $37.130,00 
270;1476;1777;660; $42.890,00 
271;1189;1439;780; $26.220,00 
272;1837;2220;340; $50.840,00 
273;1319;1571;1190; $25.630,00 
274;1617;1901;490; $60.770,00 
275;1631;1967;1090; $69.600,00 
276;1517;1805;1040; $41.740,00 
277;1764;2109;1210; $50.130,00 
278;1572;1869;1030; $21.750,00 
279;1855;2197;1170; $80.490,00 
280;1327;1571;730; $34.020,00 
281;1270;1515;720; $60.240,00 
282;1734;2073;500; $39.460,00 
283;1533;1848;1070; $56.440,00 
284;1390;1646;800; $46.840,00 
285;1856;2216;1020; $64.820,00 
286;1000;1215;1070; $52.520,00 
287;1313;1586;420; $45.940,00 
288;1494;1799;510; $38.970,00 
289;1386;1674;1210; $58.610,00 
290;1979;2364;660; $30.810,00 
291;1057;1264;360; $47.730,00 
292;902;1093;1210; $64.640,00 
293;1347;1622;560; $44.860,00 
294;1314;1576;360; $55.660,00 
295;1513;1803;970; $57.530,00 
296;1305;1548;480; $75.200,00 
297;1180;1436;690; $37.330,00 
298;1142;1352;710; $35.280,00 
299;1471;1768;780; $70.610,00 
300;1075;1288;630; $49.720,00 
301;1578;1885;220; $68.850,00 
302;1585;1916;1110; $50.740,00 
303;1391;1648;720; $77.070,00 
304;1577;1892;560; $74.730,00 
305;1092;1314;600; $76.530,00 
306;1375;1681;440; $68.900,00 
307;1523;1813;520; $44.960,00 
308;1373;1654;410; $41.490,00 
309;1550;1871;590; $74.320,00 
310;1614;1946;740; $73.800,00 
311;1566;1889;610; $56.400,00 
312;2019;2396;540; $71.570,00 
313;1494;1806;1450; $43.640,00 
314;1659;2008;620; $35.120,00 
315;1766;2131;340; $58.670,00 
316;1293;1554;970; $75.800,00 
317;1375;1659;1080; $76.640,00 
318;1236;1484;560; $31.890,00 
319;1332;1586;630; $61.670,00 
320;1513;1825;980; $75.950,00 
321;1208;1459;930; $41.490,00 
322;1190;1429;470; $66.170,00 
323;1448;1734;680; $37.980,00 
324;1771;2147;430; $62.710,00 
325;1365;1645;830; $60.470,00 
326;1510;1810;950; $35.230,00 
327;1458;1736;870; $48.550,00 
328;1808;2157;730; $56.810,00 
329;1615;1954;760; $41.080,00 
330;1640;1948;960; $51.270,00 
331;1060;1273;860; $57.500,00 
332;1633;1968;330; $81.470,00 
333;1222;1473;630; $49.570,00 
334;1619;1957;1280; $45.580,00 
335;1624;1973;1440; $44.660,00 
336;1887;2278;570; $76.240,00 
337;1320;1583;540; $43.720,00 
338;1450;1750;480; $46.700,00 
339;1455;1764;390; $84.690,00 
340;966;1172;900; $85.470,00 
341;1922;2290;290; $80.410,00 
342;1678;1999;740; $46.650,00 
343;1638;1952;690; $81.840,00 
344;1145;1375;950; $63.590,00 
345;2004;2390;930; $50.130,00 
346;1954;2378;810; $45.820,00 
347;1577;1879;760; $86.710,00 
348;1766;2138;580; $49.980,00 
349;1362;1634;770; $82.940,00 
350;1886;2228;1530; $40.350,00 
351;1291;1546;420; $93.950,00 
352;1584;1897;1210; $47.310,00 
353;1397;1686;850; $21.300,00 
354;1445;1709;1340; $62.180,00 
355;1433;1707;1160; $61.460,00 
356;1269;1511;500; $54.360,00 
357;1798;2134;820; $72.050,00 
358;1514;1822;670; $48.090,00 
359;1015;1216;460; $27.310,00 
360;1495;1799;950; $57.160,00 
361;1759;2095;980; $34.190,00 
362;1219;1468;850; $35.600,00 
363;1571;1877;580; $54.670,00 
364;1404;1670;620; $76.730,00 
365;1124;1369;650; $63.540,00 
366;1514;1837;1130; $36.690,00 
367;1207;1476;720; $87.370,00 
368;1484;1774;940; $59.800,00 
369;1398;1678;920; $48.030,00 
370;1769;2112;660; $96.650,00 
371;1111;1322;610; $65.500,00 
372;1078;1305;1190; $55.530,00 
373;1876;2254;1340; $21.650,00 
374;1909;2306;820; $31.940,00 
375;1940;2343;1130; $84.690,00 
376;1391;1683;890; $68.390,00 
377;1496;1774;810; $75.490,00 
378;1412;1699;680; $39.200,00 
379;1121;1345;320; $85.670,00 
380;1691;2026;700; $60.530,00 
381;1599;1946;940; $78.090,00 
382;1208;1467;910; $50.720,00 
383;1454;1737;870; $23.090,00 
384;1555;1881;1260; $91.360,00 
385;1554;1852;440; $48.120,00 
386;1491;1800;980; $75.620,00 
387;1415;1697;1200; $39.420,00 
388;1487;1801;890; $51.130,00 
389;1339;1589;1050; $33.890,00 
390;1320;1562;610; $87.170,00 
391;1509;1799;960; $38.600,00 
392;1406;1680;860; $60.980,00 
393;1264;1502;800; $79.410,00 
394;1905;2280;1060; $82.350,00 
395;1209;1464;600; $36.740,00 
396;1546;1829;380; $27.720,00 
397;1689;2044;1140; $32.260,00 
398;1153;1381;730; $53.270,00 
399;2063;2493;810; $51.480,00 
400;1848;2254;1000; $59.970,00 
401;1718;2056;1220; $83.600,00 
402;1480;1773;360; $63.020,00 
403;1439;1724;900; $50.920,00 
404;1576;1896;750; $56.450,00 
405;1948;2374;930; $89.540,00 
406;1613;1893;1180; $46.030,00 
407;896;1059;870; $75.110,00 
408;1625;1943;680; $74.520,00 
409;1303;1587;1310; $102.310,00 
410;1340;1605;1000; $53.400,00 
411;1410;1704;1130; $59.760,00 
412;1432;1719;990; $49.540,00 
413;1891;2280;360; $51.560,00 
414;1322;1583;720; $49.510,00 
415;1378;1670;950; $58.610,00 
416;1462;1732;840; $68.260,00 
417;1440;1733;1120; $65.310,00 
418;1421;1724;920; $52.090,00 
419;1280;1530;1240; $43.860,00 
420;1431;1710;840; $74.170,00 
421;1161;1404;430; $58.380,00 
422;1175;1405;810; $91.200,00 
423;1395;1662;920; $90.940,00 
424;1443;1755;880; $49.330,00 
425;1247;1523;1350; $53.500,00 
426;1788;2133;1000; $54.590,00 
427;1138;1375;1220; $57.450,00 
428;1709;2042;430; $33.240,00 
429;1777;2145;520; $80.790,00 
430;1612;1918;580; $61.000,00 
431;1618;1943;460; $47.620,00 
432;1311;1571;470; $72.090,00 
433;1365;1638;680; $102.920,00 
434;1249;1503;950; $61.970,00 
435;1373;1635;840; $61.040,00 
436;1536;1836;990; $52.060,00 
437;1744;2101;520; $69.570,00 
438;1513;1820;520; $66.020,00 
439;1297;1561;1070; $40.000,00 
440;1908;2304;990; $79.500,00 
441;1721;2076;710; $76.300,00 
442;1243;1491;430; $69.030,00 
443;1472;1766;1290; $57.140,00 
444;1307;1570;1080; $41.710,00 
445;1628;1959;890; $71.480,00 
446;1556;1869;1000; $33.010,00 
447;1179;1428;1290; $74.570,00 
448;1768;2123;860; $49.590,00 
449;1378;1656;1010; $73.170,00 
450;1685;2015;1160; $79.220,00 
451;1474;1759;880; $75.880,00 
452;1794;2137;670; $67.610,00 
453;1086;1291;930; $69.090,00 
454;1808;2154;990; $35.220,00 
455;1501;1790;450; $53.940,00 
456;1353;1598;690; $56.660,00 
457;1455;1757;650; $67.520,00 
458;1165;1411;1020; $38.620,00 
459;1332;1610;880; $38.890,00 
460;1396;1668;760; $79.270,00 
461;1513;1821;690; $42.880,00 
462;1618;1940;630; $44.240,00 
463;1845;2233;370; $43.190,00 
464;1172;1411;460; $74.550,00 
465;1436;1737;770; $57.090,00 
466;1738;2065;750; $56.480,00 
467;2229;2667;660; $87.410,00 
468;1490;1783;730; $81.370,00 
469;1060;1279;670; $97.360,00 
470;2015;2436;680; $77.960,00 
471;1611;1919;960; $71.240,00 
472;1187;1417;1230; $58.940,00 
473;1430;1690;800; $78.950,00 
474;1543;1840;450; $36.380,00 
475;1836;2195;940; $45.160,00 
476;1463;1764;1060; $69.050,00 
477;1213;1462;560; $56.830,00 
478;1244;1480;860; $93.530,00 
479;1745;2108;730; $46.920,00 
480;933;1121;940; $55.990,00 
481;1764;2132;920; $40.840,00 
482;1675;2002;1050; $64.990,00 
483;1688;2046;380; $53.550,00 
484;1842;2204;930; $51.320,00 
485;1316;1597;980; $36.560,00 
486;1440;1719;580; $66.050,00 
487;1760;2111;680; $52.400,00 
488;1323;1571;850; $27.970,00 
489;1230;1466;730; $67.100,00 
490;1540;1838;570; $43.710,00 
491;1167;1388;620; $38.600,00 
492;1429;1695;890; $53.890,00 
493;1491;1770;800; $52.610,00 
494;1313;1574;920; $43.130,00 
495;1609;1943;920; $40.300,00 
496;1109;1342;760; $49.750,00 
497;1207;1440;500; $43.840,00 
498;902;1087;680; $56.820,00 
499;1191;1422;770; $36.350,00 
500;1335;1601;460; $50.820,00 
501;1382;1660;1070; $83.720,00 
502;1588;1906;450; $46.970,00 
503;1918;2284;310; $78.020,00 
504;1484;1774;880; $45.080,00 
505;1334;1607;370; $55.160,00 
506;1556;1846;760; $72.020,00 
507;1784;2142;950; $64.010,00 
508;1244;1477;890; $27.840,00 
509;1496;1787;800; $58.070,00 
510;1719;2058;700; $51.760,00 
511;1678;2022;1050; $66.050,00 
512;1247;1490;330; $65.750,00 
513;1191;1421;980; $65.820,00 
514;1832;2208;1090; $46.760,00 
515;1271;1523;1140; $50.940,00 
516;1735;2084;820; $56.440,00 
517;1627;1948;890; $32.610,00 
518;1351;1616;650; $62.770,00 
519;1520;1817;850; $63.600,00 
520;1490;1788;360; $45.840,00 
521;1777;2117;780; $38.280,00 
522;1688;2037;590; $50.960,00 
523;1537;1836;670; $39.480,00 
524;1622;1968;340; $69.610,00 
525;1148;1384;730; $47.800,00 
526;1001;1194;1210; $44.890,00 
527;1857;2236;1280; $67.420,00 
528;1552;1869;710; $78.870,00 
529;1700;2064;940; $70.310,00 
530;1554;1844;670; $38.530,00 
531;1482;1777;800; $77.570,00 
532;1275;1517;790; $59.920,00 
533;1642;1981;720; $54.450,00 
534;1381;1633;1270; $50.250,00 
535;1381;1634;930; $30.790,00 
536;1057;1262;1490; $35.420,00 
537;1192;1445;810; $43.470,00 
538;1601;1920;600; $61.000,00 
539;1622;1968;210; $64.780,00 
540;1607;1909;460; $39.030,00 
541;2214;2647;740; $65.900,00 
542;1633;1936;1320; $46.050,00 
543;1546;1845;760; $59.070,00 
544;1475;1753;920; $44.670,00 
545;1270;1519;920; $58.390,00 
546;1185;1420;880; $80.370,00 
547;1614;1938;1110; $53.230,00 
548;1141;1353;1370; $72.000,00 
549;1244;1481;410; $84.040,00 
550;869;1050;850; $52.540,00 
551;2049;2465;720; $63.510,00 
552;1883;2262;570; $42.240,00 
553;1526;1842;690; $39.580,00 
554;1165;1390;1220; $54.610,00 
555;1832;2185;840; $87.330,00 
556;1723;2072;560; $88.410,00 
557;932;1138;820; $89.760,00 
558;1137;1374;700; $101.780,00 
559;1231;1472;810; $70.290,00 
560;1237;1512;1070; $88.210,00 
561;1371;1650;540; $87.160,00 
562;1767;2158;530; $41.540,00 
563;1748;2092;580; $49.170,00 
564;1212;1440;500; $63.950,00 
565;1466;1743;1200; $70.810,00 
566;1152;1386;980; $49.590,00 
567;1439;1703;1000; $67.290,00 
568;2026;2400;720; $51.240,00 
569;1772;2146;1030; $48.540,00 
570;1511;1822;420; $72.410,00 
571;1199;1461;1070; $54.370,00 
572;1834;2184;830; $94.460,00 
573;1143;1375;940; $85.160,00 
574;1494;1794;550; $52.130,00 
575;1770;2131;1140; $54.650,00 
576;1455;1747;750; $69.320,00 
577;1141;1372;620; $51.480,00 
578;1586;1886;660; $50.060,00 
579;1701;2034;660; $62.180,00 
580;1860;2246;410; $79.780,00 
581;1167;1406;440; $42.860,00 
582;1424;1716;630; $54.410,00 
583;1710;2053;730; $69.390,00 
584;1408;1708;220; $42.810,00 
585;1517;1831;610; $30.840,00 
586;1227;1476;720; $56.260,00 
587;1609;1930;740; $76.470,00 
588;1553;1831;740; $35.680,00 
589;1814;2174;770; $90.070,00 
590;1240;1493;590; $33.120,00 
591;1206;1437;1330; $54.060,00 
592;1847;2186;910; $75.120,00 
593;1009;1202;330; $41.600,00 
594;1624;1946;870; $20.270,00 
595;1612;1931;790; $60.060,00 
596;1498;1805;1270; $82.270,00 
597;946;1125;590; $29.170,00 
598;1563;1872;1080; $68.420,00 
599;1664;2016;830; $59.130,00 
600;1619;1947;910; $74.330,00 
601;1433;1722;830; $77.080,00 
602;1241;1489;1380; $76.250,00 
603;1429;1720;1180; $59.540,00 
604;1241;1488;770; $54.690,00 
605;1078;1306;680; $84.360,00 
606;1690;2065;910; $51.420,00 
607;1289;1536;540; $65.120,00 
608;1581;1894;760; $49.380,00 
609;1608;1945;760; $37.830,00 
610;1344;1608;730; $35.980,00 
611;1513;1804;430; $69.190,00 
612;1529;1839;1000; $50.590,00 
613;1677;2014;660; $60.800,00 
614;1015;1229;930; $31.180,00 
615;1438;1751;760; $77.790,00 
616;1426;1718;370; $47.570,00 
617;1412;1701;630; $69.130,00 
618;1622;1944;360; $75.970,00 
619;1503;1791;630; $68.350,00 
620;1501;1789;670; $41.680,00 
621;1971;2342;690; $86.560,00 
622;1383;1687;830; $81.390,00 
623;1371;1635;720; $50.730,00 
624;1508;1823;520; $71.290,00 
625;1057;1284;750; $70.110,00 
626;1411;1680;1070; $61.590,00 
627;1466;1746;590; $69.370,00 
628;1545;1888;600; $67.110,00 
629;2044;2408;380; $82.020,00 
630;1887;2264;830; $62.050,00 
631;1505;1836;940; $61.730,00 
632;1422;1722;560; $58.660,00 
633;1564;1869;1030; $53.370,00 
634;1510;1810;730; $39.700,00 
635;1568;1920;890; $53.750,00 
636;1933;2338;1140; $44.730,00 
637;1501;1822;590; $49.350,00 
638;1593;1911;580; $43.340,00 
639;1812;2189;310; $78.090,00 
640;1580;1895;720; $54.950,00 
641;1440;1749;490; $75.530,00 
642;1100;1331;1010; $57.330,00 
643;1534;1841;680; $87.930,00 
644;1299;1555;1020; $56.850,00 
645;1767;2121;1050; $78.430,00 
646;1368;1649;740; $63.660,00 
647;1393;1670;410; $62.960,00 
648;1327;1590;770; $81.870,00 
649;1514;1794;1400; $54.820,00 
650;1989;2414;860; $116.320,00 
651;1334;1584;840; $57.200,00 
652;1533;1817;950; $84.360,00 
653;1809;2145;940; $36.530,00 
654;1607;1933;930; $81.260,00 
655;1165;1387;1060; $82.350,00 
656;1193;1430;560; $80.830,00 
657;1709;2065;670; $30.610,00 
658;1525;1839;540; $51.310,00 
659;1348;1623;1010; $72.940,00 
660;1132;1366;1340; $52.450,00 
661;1667;2020;980; $66.070,00 
662;1427;1720;630; $43.190,00 
663;1211;1447;1110; $40.730,00 
664;1717;2048;700; $78.530,00 
665;1766;2111;580; $94.690,00 
666;1086;1299;1050; $44.400,00 
667;1410;1692;790; $73.800,00 
668;1476;1760;600; $37.390,00 
669;1068;1278;440; $64.120,00 
670;1485;1785;1340; $66.160,00 
671;1461;1739;1250; $22.310,00 
672;1685;2010;990; $62.380,00 
673;1624;1958;290; $63.850,00 
674;1658;2000;350; $36.210,00 
675;1427;1677;210; $54.590,00 
676;1755;2072;810; $69.610,00 
677;1211;1472;790; $65.390,00 
678;1591;1896;780; $78.130,00 
679;1797;2126;730; $55.710,00 
680;1519;1823;1040; $69.210,00 
681;1637;1958;760; $59.940,00 
682;1451;1750;570; $72.550,00 
683;1203;1446;620; $44.260,00 
684;1884;2262;310; $56.910,00 
685;1540;1820;310; $82.390,00 
686;1121;1332;790; $54.590,00 
687;1307;1562;490; $69.990,00 
688;1475;1775;230; $72.740,00 
689;1160;1401;900; $35.360,00 
690;1078;1276;640; $94.370,00 
691;1191;1436;840; $43.520,00 
692;1317;1569;780; $36.000,00 
693;1548;1858;480; $99.480,00 
694;1560;1883;1040; $83.220,00 
695;1297;1529;870; $52.940,00 
696;1645;1958;530; $93.360,00 
697;1225;1455;750; $73.590,00 
698;1421;1704;840; $53.840,00 
699;1655;1956;800; $47.350,00 
700;1615;1928;660; $65.080,00 
701;1872;2262;560; $62.050,00 
702;1317;1581;910; $30.020,00 
703;1434;1729;480; $49.510,00 
704;1791;2167;700; $64.320,00 
705;932;1120;660; $35.590,00 
706;1609;1924;1170; $63.050,00 
707;1495;1793;1020; $65.300,00 
708;1769;2153;580; $69.560,00 
709;1693;2032;610; $41.910,00 
710;1247;1497;590; $28.330,00 
711;1502;1815;190; $55.980,00 
712;1360;1612;490; $61.080,00 
713;1542;1844;680; $51.380,00 
714;1631;1947;670; $84.410,00 
715;1246;1482;1070; $60.680,00 
716;1990;2384;1110; $64.690,00 
717;967;1154;560; $45.780,00 
718;1582;1894;1100; $41.800,00 
719;1430;1743;970; $53.230,00 
720;1827;2160;930; $36.160,00 
721;1118;1338;1040; $40.450,00 
722;1766;2109;1120; $57.910,00 
723;1799;2173;910; $36.280,00 
724;1167;1411;440; $39.190,00 
725;1493;1795;530; $62.380,00 
726;1445;1734;900; $21.470,00 
727;1033;1237;740; $34.610,00 
728;1440;1711;1020; $88.120,00 
729;1487;1773;970; $59.190,00 
730;1854;2205;890; $36.290,00 
731;1748;2086;550; $53.760,00 
732;1937;2310;520; $66.300,00 
733;1641;1999;950; $93.000,00 
734;1659;1999;650; $65.660,00 
735;1743;2061;860; $81.930,00 
736;1449;1733;320; $60.060,00 
737;1098;1309;860; $59.530,00 
738;1121;1351;900; $46.380,00 
739;1526;1858;550; $76.200,00 
740;1358;1645;770; $56.860,00 
741;1336;1616;710; $86.620,00 
742;1502;1802;840; $49.730,00 
743;1534;1858;860; $88.370,00 
744;1418;1699;870; $49.160,00 
745;854;1018;660; $77.740,00 
746;1450;1728;930; $38.560,00 
747;1474;1776;1020; $51.990,00 
748;1524;1819;1190; $39.970,00 
749;1361;1638;1140; $46.040,00 
750;1398;1683;490; $49.500,00 
751;1085;1308;1170; $76.670,00 
752;1660;1979;480; $75.800,00 
753;1648;2017;930; $81.720,00 
754;1453;1749;890; $58.440,00 
755;1323;1591;680; $85.720,00 
756;1385;1643;740; $70.940,00 
757;1250;1506;990; $62.420,00 
758;1389;1683;680; $56.880,00 
759;1486;1758;820; $101.820,00 
760;1655;1993;440; $86.890,00 
761;1645;1963;900; $47.300,00 
762;1464;1771;1080; $31.270,00 
763;1197;1428;830; $65.410,00 
764;1878;2264;310; $54.200,00 
765;1150;1378;730; $67.390,00 
766;1562;1881;740; $54.530,00 
767;1596;1939;960; $79.760,00 
768;1119;1345;790; $78.060,00 
769;1116;1347;700; $74.080,00 
770;1934;2349;750; $52.990,00 
771;1299;1540;590; $70.580,00 
772;1417;1689;570; $34.310,00 
773;1235;1503;660; $74.160,00 
774;1497;1815;700; $59.190,00 
775;1430;1704;1070; $43.370,00 
776;1537;1877;660; $17.670,00 
777;1444;1742;840; $56.710,00 
778;1477;1798;850; $59.820,00 
779;1041;1246;600; $36.190,00 
780;1226;1472;710; $60.440,00 
781;1489;1783;450; $75.300,00 
782;1549;1871;740; $74.080,00 
783;1073;1280;1240; $60.440,00 
784;1473;1785;570; $80.720,00 
785;2013;2396;580; $47.060,00 
786;1975;2368;450; $86.830,00 
787;1561;1877;790; $56.790,00 
788;1427;1723;1040; $67.090,00 
789;1441;1747;670; $44.370,00 
790;1275;1548;370; $82.970,00 
791;1574;1876;620; $56.230,00 
792;1511;1791;1010; $53.760,00 
793;1428;1713;550; $55.390,00 
794;1388;1672;800; $73.500,00 
795;1057;1280;610; $41.050,00 
796;1440;1747;1090; $67.320,00 
797;1349;1610;700; $65.890,00 
798;1536;1808;830; $56.380,00 
799;2019;2420;850; $85.670,00 
800;1236;1508;1260; $70.830,00 
801;1436;1715;1030; $48.180,00 
802;1862;2248;1160; $51.910,00 
803;1200;1442;880; $44.320,00 
804;1360;1650;420; $58.940,00 
805;1722;2078;770; $73.610,00 
806;1577;1902;910; $54.060,00 
807;1850;2214;1110; $85.000,00 
808;1447;1730;510; $49.030,00 
809;1496;1800;780; $63.300,00 
810;1679;2008;790; $84.300,00 
811;994;1194;1090; $81.390,00 
812;1354;1635;1270; $95.900,00 
813;1597;1918;1260; $71.830,00 
814;1873;2252;330; $79.310,00 
815;1218;1459;540; $87.890,00 
816;1458;1746;720; $48.610,00 
817;1546;1860;670; $73.160,00 
818;1608;1962;770; $36.280,00 
819;1822;2160;860; $49.720,00 
820;1716;2038;410; $44.400,00 
821;1072;1296;900; $47.590,00 
822;1330;1604;480; $51.460,00 
823;1588;1892;540; $57.750,00 
824;1425;1733;760; $66.000,00 
825;1778;2133;280; $45.950,00 
826;1363;1630;1120; $53.900,00 
827;1609;1928;160; $37.920,00 
828;1671;2024;620; $63.100,00 
829;1379;1636;440; $36.770,00 
830;1218;1452;870; $43.910,00 
831;1724;2101;900; $66.390,00 
832;986;1179;710; $59.160,00 
833;1330;1606;590; $38.510,00 
834;1437;1725;910; $46.220,00 
835;1327;1609;1320; $41.500,00 
836;1651;2009;1000; $58.160,00 
837;1211;1462;670; $38.530,00 
838;1916;2277;610; $55.880,00 
839;1638;1937;1050; $70.940,00 
840;1172;1413;480; $53.940,00 
841;1350;1606;770; $43.030,00 
842;1528;1843;340; $59.820,00 
843;1305;1557;580; $55.500,00 
844;1463;1751;900; $49.990,00 
845;1409;1727;700; $42.980,00 
846;1419;1743;860; $65.970,00 
847;1535;1819;540; $59.290,00 
848;1474;1745;970; $63.020,00 
849;919;1099;1560; $73.810,00 
850;2067;2492;790; $70.230,00 
851;1977;2362;1020; $59.950,00 
852;1293;1558;790; $78.100,00 
853;1477;1790;880; $16.370,00 
854;1582;1906;550; $92.640,00 
855;1481;1789;550; $63.540,00 
856;1214;1455;950; $87.220,00 
857;1206;1460;810; $41.990,00 
858;1653;1982;390; $79.410,00 
859;1152;1393;860; $54.380,00 
860;1458;1757;850; $58.600,00 
861;1249;1510;660; $48.950,00 
862;1939;2333;830; $40.670,00 
863;1591;1919;640; $52.340,00 
864;1180;1397;750; $39.140,00 
865;1846;2195;1170; $41.090,00 
866;780;951;790; $25.600,00 
867;1565;1854;900; $100.900,00 
868;1648;1959;370; $77.080,00 
869;1775;2104;980; $105.150,00 
870;1439;1732;1170; $80.580,00 
871;1487;1776;800; $46.230,00 
872;1800;2158;1100; $98.260,00 
873;1690;2024;1070; $75.930,00 
874;1209;1452;830; $52.050,00 
875;1859;2222;1210; $87.000,00 
876;1691;2023;540; $60.270,00 
877;1259;1493;100; $88.270,00 
878;1771;2138;820; $57.820,00 
879;1205;1468;1210; $61.210,00 
880;1792;2131;810; $76.420,00 
881;1263;1516;780; $70.980,00 
882;1344;1605;1160; $76.740,00 
883;1819;2187;590; $47.920,00 
884;1357;1625;1140; $52.160,00 
885;1396;1673;690; $32.740,00 
886;1118;1337;560; $72.270,00 
887;1655;1986;1150; $77.430,00 
888;1156;1398;140; $92.370,00 
889;1451;1734;670; $34.880,00 
890;1539;1829;650; $46.580,00 
891;1549;1851;1220; $70.620,00 
892;1582;1910;1080; $66.390,00 
893;1387;1663;850; $82.080,00 
894;1200;1436;1060; $76.440,00 
895;1299;1560;770; $96.610,00 
896;1174;1429;1110; $54.340,00 
